model,accuracy,precision,recall,f1,roc_auc
logistic_regression,0.59,0.6337209302325582,0.8515625,0.7266666666666667,0.5696614583333334
random_forest,0.84,0.8116883116883117,0.9765625,0.8865248226950354,0.89892578125
